{
"size": 4,
"data": [
{
"s1": 0,
"s2": 23,
"w": 14.000000
},
{
"s1": 23,
"s2": 22,
"w": 14.317821
},
{
"s1": 22,
"s2": 15,
"w": 13.601471
},
{
"s1": 15,
"s2": 29,
"w": 8.000000
}
]
}
