{"arr": [{"a": 34.653999, "n": 1, "b": 54.657001, "res": 35636.000000},{"a": 346.540009, "n": 2, "b": 74.575996, "res": 0.765750}]}